<?xml version="1.0" encoding="UTF-8" standalone="yes"?>
<ns2:ExportManifest xmlns:ns2="http://www.pentaho.com/schema/">
    <ExportManifestInformation exportDate="28-05-2014 06:09:23 BST" exportBy="admin" rootFolder="/home/"/>
    <ExportManifestEntity path="GDP">
        <ExportManifestProperty>
            <EntityMetaData name="GDP" createdDate="2014-05-28T11:08:45.189+01:00" isFolder="true" path="GDP" isHidden="false" locale="en_US" title="GDP"/>
        </ExportManifestProperty>
        <ExportManifestProperty>
            <EntityAcl>
                <entriesInheriting>true</entriesInheriting>
                <owner>admin</owner>
                <ownerType>USER</ownerType>
            </EntityAcl>
        </ExportManifestProperty>
    </ExportManifestEntity>
    <ExportManifestEntity path="GDP/GDP DASHBOARD.xdash">
        <ExportManifestProperty>
            <EntityMetaData name="GDP DASHBOARD.xdash" createdDate="2014-05-28T11:09:05.510+01:00" isFolder="false" path="GDP/GDP DASHBOARD.xdash" isHidden="false" locale="en_US" title="GDP DASHBOARD"/>
        </ExportManifestProperty>
        <ExportManifestProperty>
            <EntityAcl>
                <entriesInheriting>true</entriesInheriting>
                <owner>admin</owner>
                <ownerType>USER</ownerType>
            </EntityAcl>
        </ExportManifestProperty>
    </ExportManifestEntity>
    <ExportManifestEntity path="GDP/GDP-InteractiveReport.prpti">
        <ExportManifestProperty>
            <EntityMetaData name="GDP-InteractiveReport.prpti" createdDate="2014-05-28T11:09:13.649+01:00" isFolder="false" path="GDP/GDP-InteractiveReport.prpti" isHidden="false" locale="en_US" title="GDP-InteractiveReport"/>
        </ExportManifestProperty>
        <ExportManifestProperty>
            <EntityAcl>
                <entriesInheriting>true</entriesInheriting>
                <owner>admin</owner>
                <ownerType>USER</ownerType>
            </EntityAcl>
        </ExportManifestProperty>
    </ExportManifestEntity>
    <ExportManifestEntity path="GDP/GDP.prpt">
        <ExportManifestProperty>
            <EntityMetaData name="GDP.prpt" createdDate="2014-05-28T17:13:41.302+01:00" isFolder="false" path="GDP/GDP.prpt" isHidden="false" locale="en_US" title="GDP"/>
        </ExportManifestProperty>
        <ExportManifestProperty>
            <EntityAcl>
                <entriesInheriting>true</entriesInheriting>
                <owner>admin</owner>
                <ownerType>USER</ownerType>
            </EntityAcl>
        </ExportManifestProperty>
    </ExportManifestEntity>
    <ExportManifestEntity path="GDP/GDPANALYSIS.xanalyzer">
        <ExportManifestProperty>
            <EntityMetaData name="GDPANALYSIS.xanalyzer" createdDate="2014-05-28T11:09:33.878+01:00" isFolder="false" path="GDP/GDPANALYSIS.xanalyzer" isHidden="false" locale="en_US" title="GDPANALYSIS"/>
        </ExportManifestProperty>
        <ExportManifestProperty>
            <EntityAcl>
                <entriesInheriting>true</entriesInheriting>
                <owner>admin</owner>
                <ownerType>USER</ownerType>
            </EntityAcl>
        </ExportManifestProperty>
    </ExportManifestEntity>
</ns2:ExportManifest>
