<Schema name="GDP">
  <Dimension name="Calendar year dim">
    <Hierarchy name="CALENDAR YEAR SEQ" hasAll="true" primaryKey="CALENDAR_YEAR_SEQ">
      <Table name="calendar_year_dim" schema="gdp"/>
      <Level name="CALENDAR YEAR SEQ" uniqueMembers="false" column="CALENDAR_YEAR_SEQ" type="Numeric">
      </Level>
    </Hierarchy>
    <Hierarchy name="YEAR" hasAll="true" primaryKey="CALENDAR_YEAR_SEQ">
      <Table name="calendar_year_dim" schema="gdp"/>
      <Level name="YEAR" uniqueMembers="false" column="YEAR" type="Numeric">
      </Level>
    </Hierarchy>
    <Hierarchy name="YEARCODE" hasAll="true" primaryKey="CALENDAR_YEAR_SEQ">
      <Table name="calendar_year_dim" schema="gdp"/>
      <Level name="YEARCODE" uniqueMembers="false" column="YEARCODE" type="String">
      </Level>
    </Hierarchy>
  </Dimension>
  <Dimension name="Country dim">
    <Hierarchy name="COUNTRY CODE" hasAll="true" primaryKey="COUNTRY_SEQ">
      <Table name="country_dim" schema="gdp"/>
      <Level name="COUNTRY CODE" uniqueMembers="false" column="COUNTRY_CODE" type="String">
      </Level>
    </Hierarchy>
    <Hierarchy name="COUNTRY NAME" hasAll="true" primaryKey="COUNTRY_SEQ">
      <Table name="country_dim" schema="gdp"/>
      <Level name="COUNTRY NAME" uniqueMembers="false" column="COUNTRY_NAME" type="String">
      </Level>
    </Hierarchy>
    <Hierarchy name="COUNTRY SEQ" hasAll="true" primaryKey="COUNTRY_SEQ">
      <Table name="country_dim" schema="gdp"/>
      <Level name="COUNTRY SEQ" uniqueMembers="false" column="COUNTRY_SEQ" type="Numeric">
      </Level>
    </Hierarchy>
    <Hierarchy name="DESCRIPTION" hasAll="true" primaryKey="COUNTRY_SEQ">
      <Table name="country_dim" schema="gdp"/>
      <Level name="DESCRIPTION" uniqueMembers="false" column="DESCRIPTION" type="String">
      </Level>
    </Hierarchy>
    <Hierarchy name="LAST UPDATED" hasAll="true" primaryKey="COUNTRY_SEQ">
      <Table name="country_dim" schema="gdp"/>
      <Level name="LAST UPDATED" uniqueMembers="false" column="LAST_UPDATED">
      </Level>
    </Hierarchy>
    <Hierarchy name="TABLE CREATION" hasAll="true" primaryKey="COUNTRY_SEQ">
      <Table name="country_dim" schema="gdp"/>
      <Level name="TABLE CREATION" uniqueMembers="false" column="TABLE_CREATION">
      </Level>
    </Hierarchy>
  </Dimension>
  <Dimension name="Exchange rates dim">
    <Hierarchy name="CURRENCY CODE" hasAll="true" primaryKey="EXCHANGE_SEQ">
      <Table name="exchange_rates_dim" schema="gdp"/>
      <Level name="CURRENCY CODE" uniqueMembers="false" column="CURRENCY_CODE" type="String">
      </Level>
    </Hierarchy>
    <Hierarchy name="CURRENCY NAME" hasAll="true" primaryKey="EXCHANGE_SEQ">
      <Table name="exchange_rates_dim" schema="gdp"/>
      <Level name="CURRENCY NAME" uniqueMembers="false" column="CURRENCY_NAME" type="String">
      </Level>
    </Hierarchy>
    <Hierarchy name="CURRENCY SYMBOL" hasAll="true" primaryKey="EXCHANGE_SEQ">
      <Table name="exchange_rates_dim" schema="gdp"/>
      <Level name="CURRENCY SYMBOL" uniqueMembers="false" column="CURRENCY_SYMBOL" type="String">
      </Level>
    </Hierarchy>
    <Hierarchy name="EXCHANGE RATE" hasAll="true" primaryKey="EXCHANGE_SEQ">
      <Table name="exchange_rates_dim" schema="gdp"/>
      <Level name="EXCHANGE RATE" uniqueMembers="false" column="EXCHANGE_RATE" type="Numeric">
      </Level>
    </Hierarchy>
    <Hierarchy name="EXCHANGE SEQ" hasAll="true" primaryKey="EXCHANGE_SEQ">
      <Table name="exchange_rates_dim" schema="gdp"/>
      <Level name="EXCHANGE SEQ" uniqueMembers="false" column="EXCHANGE_SEQ" type="Numeric">
      </Level>
    </Hierarchy>
    <Hierarchy name="YEAR" hasAll="true" primaryKey="EXCHANGE_SEQ">
      <Table name="exchange_rates_dim" schema="gdp"/>
      <Level name="YEAR" uniqueMembers="false" column="YEAR" type="Numeric">
      </Level>
    </Hierarchy>
  </Dimension>
  <Dimension name="Indicator dim">
    <Hierarchy name="INDICATOR CODE" hasAll="true" primaryKey="INDICATOR_SEQ">
      <Table name="indicator_dim" schema="gdp"/>
      <Level name="INDICATOR CODE" uniqueMembers="false" column="INDICATOR_CODE" type="String">
      </Level>
    </Hierarchy>
    <Hierarchy name="INDICATOR DATASOURCE" hasAll="true" primaryKey="INDICATOR_SEQ">
      <Table name="indicator_dim" schema="gdp"/>
      <Level name="INDICATOR DATASOURCE" uniqueMembers="false" column="INDICATOR_DATASOURCE" type="String">
      </Level>
    </Hierarchy>
    <Hierarchy name="INDICATOR DESC" hasAll="true" primaryKey="INDICATOR_SEQ">
      <Table name="indicator_dim" schema="gdp"/>
      <Level name="INDICATOR DESC" uniqueMembers="false" column="INDICATOR_DESC" type="String">
      </Level>
    </Hierarchy>
    <Hierarchy name="INDICATOR NAME" hasAll="true" primaryKey="INDICATOR_SEQ">
      <Table name="indicator_dim" schema="gdp"/>
      <Level name="INDICATOR NAME" uniqueMembers="false" column="INDICATOR_NAME" type="String">
      </Level>
    </Hierarchy>
    <Hierarchy name="INDICATOR SEQ" hasAll="true" primaryKey="INDICATOR_SEQ">
      <Table name="indicator_dim" schema="gdp"/>
      <Level name="INDICATOR SEQ" uniqueMembers="false" column="INDICATOR_SEQ" type="Numeric">
      </Level>
    </Hierarchy>
  </Dimension>
  <Cube name="GDP">
    <Table name="gdp_fact" schema="gdp"/>
    <DimensionUsage name="Calendar year dim" source="Calendar year dim" foreignKey="CALENDAR_YEAR_ID"/>
    <DimensionUsage name="Country dim" source="Country dim" foreignKey="COUNTRY_ID"/>
    <DimensionUsage name="Exchange rates dim" source="Exchange rates dim" foreignKey="EXCHANGE_ID"/>
    <DimensionUsage name="Indicator dim" source="Indicator dim" foreignKey="INDICATOR_ID"/>
    <Measure name="CALENDAR YEAR ID" column="CALENDAR_YEAR_ID" aggregator="sum" formatString="&#x23;"/>
    <Measure name="COUNTRY ID" column="COUNTRY_ID" aggregator="sum" formatString="&#x23;"/>
    <Measure name="EXCHANGE ID" column="EXCHANGE_ID" aggregator="sum" formatString="&#x23;"/>
    <Measure name="GDP SEQ" column="GDP_SEQ" aggregator="sum" formatString="&#x23;"/>
    <Measure name="GDP VALUE" column="GDP_VALUE" aggregator="sum" formatString="&#x23;"/>
    <Measure name="INDICATOR ID" column="INDICATOR_ID" aggregator="sum" formatString="&#x23;"/>
  </Cube>
</Schema>